{
  "POST - Browse Category (Phones)" : {
    "transaction" : "POST - Browse Category (Phones)",
    "sampleCount" : 50,
    "errorCount" : 0,
    "errorPct" : 0.0,
    "meanResTime" : 416.86000000000007,
    "medianResTime" : 410.5,
    "minResTime" : 383.0,
    "maxResTime" : 544.0,
    "pct1ResTime" : 446.9,
    "pct2ResTime" : 485.59999999999997,
    "pct3ResTime" : 544.0,
    "throughput" : 1.000480230510645,
    "receivedKBytesPerSec" : 2.103705090943653,
    "sentKBytesPerSec" : 0.25891334090363377
  },
  "GET - Home Page" : {
    "transaction" : "GET - Home Page",
    "sampleCount" : 50,
    "errorCount" : 0,
    "errorPct" : 0.0,
    "meanResTime" : 855.82,
    "medianResTime" : 830.0,
    "minResTime" : 686.0,
    "maxResTime" : 1277.0,
    "pct1ResTime" : 999.0,
    "pct2ResTime" : 1109.4499999999996,
    "pct3ResTime" : 1277.0,
    "throughput" : 0.9688795876448475,
    "receivedKBytesPerSec" : 7.80708789917839,
    "sentKBytesPerSec" : 0.2214041245204046
  },
  "Total" : {
    "transaction" : "Total",
    "sampleCount" : 350,
    "errorCount" : 0,
    "errorPct" : 0.0,
    "meanResTime" : 549.5457142857142,
    "medianResTime" : 429.5,
    "minResTime" : 260.0,
    "maxResTime" : 1277.0,
    "pct1ResTime" : 882.6000000000005,
    "pct2ResTime" : 941.45,
    "pct3ResTime" : 1099.1000000000008,
    "throughput" : 5.001428979708488,
    "receivedKBytesPerSec" : 29.332780906151758,
    "sentKBytesPerSec" : 1.2950128608173763
  },
  "POST - Add to Cart" : {
    "transaction" : "POST - Add to Cart",
    "sampleCount" : 50,
    "errorCount" : 0,
    "errorPct" : 0.0,
    "meanResTime" : 405.2800000000001,
    "medianResTime" : 404.0,
    "minResTime" : 377.0,
    "maxResTime" : 476.0,
    "pct1ResTime" : 433.6,
    "pct2ResTime" : 446.94999999999993,
    "pct3ResTime" : 476.0,
    "throughput" : 0.9385441303450088,
    "receivedKBytesPerSec" : 0.2420417323647558,
    "sentKBytesPerSec" : 0.2822964767053347
  },
  "POST - User Login" : {
    "transaction" : "POST - User Login",
    "sampleCount" : 50,
    "errorCount" : 0,
    "errorPct" : 0.0,
    "meanResTime" : 871.9599999999999,
    "medianResTime" : 850.5,
    "minResTime" : 791.0,
    "maxResTime" : 1145.0,
    "pct1ResTime" : 961.5,
    "pct2ResTime" : 992.9999999999999,
    "pct3ResTime" : 1145.0,
    "throughput" : 0.9890022944853232,
    "receivedKBytesPerSec" : 0.24054776510206505,
    "sentKBytesPerSec" : 0.2878151208560804
  },
  "GET - View Cart Page" : {
    "transaction" : "GET - View Cart Page",
    "sampleCount" : 50,
    "errorCount" : 0,
    "errorPct" : 0.0,
    "meanResTime" : 376.44,
    "medianResTime" : 385.5,
    "minResTime" : 260.0,
    "maxResTime" : 545.0,
    "pct1ResTime" : 442.9,
    "pct2ResTime" : 509.1499999999998,
    "pct3ResTime" : 545.0,
    "throughput" : 0.9259945181124528,
    "receivedKBytesPerSec" : 10.890201936254536,
    "sentKBytesPerSec" : 0.21069992453144676
  },
  "TX - Full Purchase Flow" : {
    "transaction" : "TX - Full Purchase Flow",
    "sampleCount" : 50,
    "errorCount" : 0,
    "errorPct" : 0.0,
    "meanResTime" : 3846.8200000000006,
    "medianResTime" : 3843.0,
    "minResTime" : 3481.0,
    "maxResTime" : 4339.0,
    "pct1ResTime" : 4053.5,
    "pct2ResTime" : 4229.15,
    "pct3ResTime" : 4339.0,
    "throughput" : 0.9501368197020371,
    "receivedKBytesPerSec" : 39.00706916639746,
    "sentKBytesPerSec" : 1.722122985709942
  },
  "GET - Product Details Page" : {
    "transaction" : "GET - Product Details Page",
    "sampleCount" : 50,
    "errorCount" : 0,
    "errorPct" : 0.0,
    "meanResTime" : 506.84000000000003,
    "medianResTime" : 527.5,
    "minResTime" : 373.0,
    "maxResTime" : 701.0,
    "pct1ResTime" : 581.8,
    "pct2ResTime" : 612.2999999999997,
    "pct3ResTime" : 701.0,
    "throughput" : 1.0011212558065035,
    "receivedKBytesPerSec" : 18.451368657896843,
    "sentKBytesPerSec" : 0.2346377943296492
  },
  "POST - Checkout (Delete Cart)" : {
    "transaction" : "POST - Checkout (Delete Cart)",
    "sampleCount" : 50,
    "errorCount" : 0,
    "errorPct" : 0.0,
    "meanResTime" : 413.62000000000006,
    "medianResTime" : 400.0,
    "minResTime" : 380.0,
    "maxResTime" : 520.0,
    "pct1ResTime" : 478.7,
    "pct2ResTime" : 506.84999999999997,
    "pct3ResTime" : 520.0,
    "throughput" : 0.8594461728861922,
    "receivedKBytesPerSec" : 0.17296354229334618,
    "sentKBytesPerSec" : 0.23332620709214982
  }
}