{
  "POST - Browse Category (Phones)" : {
    "transaction" : "POST - Browse Category (Phones)",
    "sampleCount" : 1000,
    "errorCount" : 167,
    "errorPct" : 16.7,
    "meanResTime" : 715.6480000000001,
    "medianResTime" : 401.0,
    "minResTime" : 0.0,
    "maxResTime" : 36612.0,
    "pct1ResTime" : 1515.9999999999986,
    "pct2ResTime" : 2266.95,
    "pct3ResTime" : 3580.1600000000017,
    "throughput" : 1.9340115267086992,
    "receivedKBytesPerSec" : 4.079617890694504,
    "sentKBytesPerSec" : 0.44944992481530194
  },
  "GET - Home Page" : {
    "transaction" : "GET - Home Page",
    "sampleCount" : 1000,
    "errorCount" : 106,
    "errorPct" : 10.6,
    "meanResTime" : 1175.1560000000009,
    "medianResTime" : 668.0,
    "minResTime" : 0.0,
    "maxResTime" : 21704.0,
    "pct1ResTime" : 1232.1999999999998,
    "pct2ResTime" : 1741.6499999999996,
    "pct3ResTime" : 15003.0,
    "throughput" : 1.9232063696594963,
    "receivedKBytesPerSec" : 13.81524965923187,
    "sentKBytesPerSec" : 0.3955344350100487
  },
  "Total" : {
    "transaction" : "Total",
    "sampleCount" : 7000,
    "errorCount" : 904,
    "errorPct" : 12.914286,
    "meanResTime" : 871.8595714285711,
    "medianResTime" : 407.0,
    "minResTime" : 0.0,
    "maxResTime" : 48513.0,
    "pct1ResTime" : 1191.0,
    "pct2ResTime" : 2135.8499999999995,
    "pct3ResTime" : 15003.0,
    "throughput" : 13.063747354591161,
    "receivedKBytesPerSec" : 72.41386973682616,
    "sentKBytesPerSec" : 3.0763831038390625
  },
  "POST - Add to Cart" : {
    "transaction" : "POST - Add to Cart",
    "sampleCount" : 1000,
    "errorCount" : 145,
    "errorPct" : 14.5,
    "meanResTime" : 795.352000000001,
    "medianResTime" : 394.5,
    "minResTime" : 0.0,
    "maxResTime" : 25078.0,
    "pct1ResTime" : 1387.8999999999996,
    "pct2ResTime" : 2166.95,
    "pct3ResTime" : 19253.0,
    "throughput" : 1.9208420971754017,
    "receivedKBytesPerSec" : 0.8334072407343379,
    "sentKBytesPerSec" : 0.5263332444943863
  },
  "POST - User Login" : {
    "transaction" : "POST - User Login",
    "sampleCount" : 1000,
    "errorCount" : 181,
    "errorPct" : 18.1,
    "meanResTime" : 942.4950000000003,
    "medianResTime" : 782.0,
    "minResTime" : 0.0,
    "maxResTime" : 19304.0,
    "pct1ResTime" : 1879.0999999999995,
    "pct2ResTime" : 2775.449999999998,
    "pct3ResTime" : 4915.930000000004,
    "throughput" : 1.931113325454391,
    "receivedKBytesPerSec" : 0.8488600879429008,
    "sentKBytesPerSec" : 0.5046617679149383
  },
  "GET - View Cart Page" : {
    "transaction" : "GET - View Cart Page",
    "sampleCount" : 1000,
    "errorCount" : 85,
    "errorPct" : 8.5,
    "meanResTime" : 663.2899999999993,
    "medianResTime" : 369.0,
    "minResTime" : 0.0,
    "maxResTime" : 48513.0,
    "pct1ResTime" : 561.9,
    "pct2ResTime" : 912.4999999999993,
    "pct3ResTime" : 19301.83,
    "throughput" : 1.91728451160053,
    "receivedKBytesPerSec" : 20.80701748000272,
    "sentKBytesPerSec" : 0.4009202935698112
  },
  "TX - Full Purchase Flow" : {
    "transaction" : "TX - Full Purchase Flow",
    "sampleCount" : 1000,
    "errorCount" : 269,
    "errorPct" : 26.9,
    "meanResTime" : 6103.0170000000035,
    "medianResTime" : 3695.5,
    "minResTime" : 1.0,
    "maxResTime" : 60996.0,
    "pct1ResTime" : 10300.599999999995,
    "pct2ResTime" : 19101.799999999945,
    "pct3ResTime" : 45806.8,
    "throughput" : 1.9056330512996418,
    "receivedKBytesPerSec" : 73.94201821130136,
    "sentKBytesPerSec" : 3.1413039562133167
  },
  "GET - Product Details Page" : {
    "transaction" : "GET - Product Details Page",
    "sampleCount" : 1000,
    "errorCount" : 91,
    "errorPct" : 9.1,
    "meanResTime" : 1041.600000000001,
    "medianResTime" : 438.0,
    "minResTime" : 0.0,
    "maxResTime" : 45000.0,
    "pct1ResTime" : 866.0,
    "pct2ResTime" : 1446.3499999999976,
    "pct3ResTime" : 19479.72,
    "throughput" : 1.931150618161313,
    "receivedKBytesPerSec" : 33.67209662970766,
    "sentKBytesPerSec" : 0.41323605805811214
  },
  "POST - Checkout (Delete Cart)" : {
    "transaction" : "POST - Checkout (Delete Cart)",
    "sampleCount" : 1000,
    "errorCount" : 129,
    "errorPct" : 12.9,
    "meanResTime" : 769.4759999999995,
    "medianResTime" : 397.0,
    "minResTime" : 0.0,
    "maxResTime" : 45135.0,
    "pct1ResTime" : 1387.8999999999992,
    "pct2ResTime" : 2275.799999999997,
    "pct3ResTime" : 3429.3400000000006,
    "throughput" : 1.909734489613909,
    "receivedKBytesPerSec" : 0.6624671257111373,
    "sentKBytesPerSec" : 0.48113373297710416
  }
}