{
  "POST - Browse Category (Phones)" : {
    "transaction" : "POST - Browse Category (Phones)",
    "sampleCount" : 50,
    "errorCount" : 0,
    "errorPct" : 0.0,
    "meanResTime" : 432.3400000000001,
    "medianResTime" : 408.5,
    "minResTime" : 383.0,
    "maxResTime" : 687.0,
    "pct1ResTime" : 531.5999999999999,
    "pct2ResTime" : 623.8,
    "pct3ResTime" : 687.0,
    "throughput" : 0.9355237061707145,
    "receivedKBytesPerSec" : 1.9669751361186993,
    "sentKBytesPerSec" : 0.24210330286644466
  },
  "GET - Home Page" : {
    "transaction" : "GET - Home Page",
    "sampleCount" : 50,
    "errorCount" : 3,
    "errorPct" : 6.0,
    "meanResTime" : 1040.3799999999999,
    "medianResTime" : 882.0,
    "minResTime" : 670.0,
    "maxResTime" : 3054.0,
    "pct1ResTime" : 1678.5999999999997,
    "pct2ResTime" : 2215.0999999999995,
    "pct3ResTime" : 3054.0,
    "throughput" : 1.0310341272296113,
    "receivedKBytesPerSec" : 9.333758634910817,
    "sentKBytesPerSec" : 0.23560740798020416
  },
  "Total" : {
    "transaction" : "Total",
    "sampleCount" : 350,
    "errorCount" : 3,
    "errorPct" : 0.85714287,
    "meanResTime" : 605.0085714285715,
    "medianResTime" : 449.0,
    "minResTime" : 260.0,
    "maxResTime" : 3054.0,
    "pct1ResTime" : 943.6000000000001,
    "pct2ResTime" : 1198.85,
    "pct3ResTime" : 1963.4300000000037,
    "throughput" : 4.927009868096907,
    "receivedKBytesPerSec" : 29.7768735394935,
    "sentKBytesPerSec" : 1.2757436265608062
  },
  "POST - Add to Cart" : {
    "transaction" : "POST - Add to Cart",
    "sampleCount" : 50,
    "errorCount" : 0,
    "errorPct" : 0.0,
    "meanResTime" : 448.1399999999999,
    "medianResTime" : 405.0,
    "minResTime" : 374.0,
    "maxResTime" : 913.0,
    "pct1ResTime" : 603.5999999999999,
    "pct2ResTime" : 855.1999999999996,
    "pct3ResTime" : 913.0,
    "throughput" : 0.9099181073703367,
    "receivedKBytesPerSec" : 0.23473043676069152,
    "sentKBytesPerSec" : 0.27368630573248404
  },
  "POST - User Login" : {
    "transaction" : "POST - User Login",
    "sampleCount" : 50,
    "errorCount" : 0,
    "errorPct" : 0.0,
    "meanResTime" : 937.5400000000001,
    "medianResTime" : 851.0,
    "minResTime" : 781.0,
    "maxResTime" : 1586.0,
    "pct1ResTime" : 1249.3,
    "pct2ResTime" : 1372.6499999999999,
    "pct3ResTime" : 1586.0,
    "throughput" : 1.0102234614296683,
    "receivedKBytesPerSec" : 0.24570923369499334,
    "sentKBytesPerSec" : 0.2939908120176183
  },
  "GET - View Cart Page" : {
    "transaction" : "GET - View Cart Page",
    "sampleCount" : 50,
    "errorCount" : 0,
    "errorPct" : 0.0,
    "meanResTime" : 418.76,
    "medianResTime" : 390.0,
    "minResTime" : 260.0,
    "maxResTime" : 969.0,
    "pct1ResTime" : 617.8,
    "pct2ResTime" : 809.249999999999,
    "pct3ResTime" : 969.0,
    "throughput" : 0.858089206953955,
    "receivedKBytesPerSec" : 9.561208709819972,
    "sentKBytesPerSec" : 0.19524881369167138
  },
  "TX - Full Purchase Flow" : {
    "transaction" : "TX - Full Purchase Flow",
    "sampleCount" : 50,
    "errorCount" : 3,
    "errorPct" : 6.0,
    "meanResTime" : 4235.06,
    "medianResTime" : 4104.0,
    "minResTime" : 3544.0,
    "maxResTime" : 6489.0,
    "pct1ResTime" : 4850.8,
    "pct2ResTime" : 5781.199999999998,
    "pct3ResTime" : 6489.0,
    "throughput" : 0.9338114447930674,
    "receivedKBytesPerSec" : 39.50507555701853,
    "sentKBytesPerSec" : 1.6925332436874347
  },
  "GET - Product Details Page" : {
    "transaction" : "GET - Product Details Page",
    "sampleCount" : 50,
    "errorCount" : 0,
    "errorPct" : 0.0,
    "meanResTime" : 517.68,
    "medianResTime" : 523.5,
    "minResTime" : 331.0,
    "maxResTime" : 918.0,
    "pct1ResTime" : 631.8,
    "pct2ResTime" : 719.9,
    "pct3ResTime" : 918.0,
    "throughput" : 0.9211835366078337,
    "receivedKBytesPerSec" : 17.783340223018534,
    "sentKBytesPerSec" : 0.21590239139246103
  },
  "POST - Checkout (Delete Cart)" : {
    "transaction" : "POST - Checkout (Delete Cart)",
    "sampleCount" : 50,
    "errorCount" : 0,
    "errorPct" : 0.0,
    "meanResTime" : 440.22,
    "medianResTime" : 406.0,
    "minResTime" : 381.0,
    "maxResTime" : 863.0,
    "pct1ResTime" : 565.0999999999999,
    "pct2ResTime" : 722.8499999999992,
    "pct3ResTime" : 863.0,
    "throughput" : 0.8935272883233855,
    "receivedKBytesPerSec" : 0.1798921735944816,
    "sentKBytesPerSec" : 0.2425786974159191
  }
}