{
  "POST - Browse Category (Phones)" : {
    "transaction" : "POST - Browse Category (Phones)",
    "sampleCount" : 50,
    "errorCount" : 0,
    "errorPct" : 0.0,
    "meanResTime" : 406.15999999999997,
    "medianResTime" : 398.0,
    "minResTime" : 373.0,
    "maxResTime" : 513.0,
    "pct1ResTime" : 445.59999999999997,
    "pct2ResTime" : 479.19999999999976,
    "pct3ResTime" : 513.0,
    "throughput" : 0.9707795359673818,
    "receivedKBytesPerSec" : 2.041101895447044,
    "sentKBytesPerSec" : 0.2512271260071838
  },
  "GET - Home Page" : {
    "transaction" : "GET - Home Page",
    "sampleCount" : 50,
    "errorCount" : 1,
    "errorPct" : 2.0,
    "meanResTime" : 878.6800000000001,
    "medianResTime" : 806.0,
    "minResTime" : 653.0,
    "maxResTime" : 2126.0,
    "pct1ResTime" : 1073.5,
    "pct2ResTime" : 1517.5999999999995,
    "pct3ResTime" : 2126.0,
    "throughput" : 0.9637811060351973,
    "receivedKBytesPerSec" : 7.063084894658726,
    "sentKBytesPerSec" : 0.2202390418088244
  },
  "Total" : {
    "transaction" : "Total",
    "sampleCount" : 350,
    "errorCount" : 1,
    "errorPct" : 0.2857143,
    "meanResTime" : 553.0628571428574,
    "medianResTime" : 421.0,
    "minResTime" : 261.0,
    "maxResTime" : 2126.0,
    "pct1ResTime" : 845.1000000000004,
    "pct2ResTime" : 932.8,
    "pct3ResTime" : 1518.980000000001,
    "throughput" : 5.275931201857127,
    "receivedKBytesPerSec" : 29.60006439462458,
    "sentKBytesPerSec" : 1.366089329052292
  },
  "POST - Add to Cart" : {
    "transaction" : "POST - Add to Cart",
    "sampleCount" : 50,
    "errorCount" : 0,
    "errorPct" : 0.0,
    "meanResTime" : 408.76,
    "medianResTime" : 396.0,
    "minResTime" : 371.0,
    "maxResTime" : 688.0,
    "pct1ResTime" : 456.29999999999995,
    "pct2ResTime" : 488.74999999999994,
    "pct3ResTime" : 688.0,
    "throughput" : 0.9412473409762617,
    "receivedKBytesPerSec" : 0.2428859349409838,
    "sentKBytesPerSec" : 0.2831095517780162
  },
  "POST - User Login" : {
    "transaction" : "POST - User Login",
    "sampleCount" : 50,
    "errorCount" : 0,
    "errorPct" : 0.0,
    "meanResTime" : 880.82,
    "medianResTime" : 818.0,
    "minResTime" : 783.0,
    "maxResTime" : 1571.0,
    "pct1ResTime" : 1022.0999999999999,
    "pct2ResTime" : 1319.7499999999998,
    "pct3ResTime" : 1571.0,
    "throughput" : 1.0028682030607539,
    "receivedKBytesPerSec" : 0.24392026821710092,
    "sentKBytesPerSec" : 0.29185031690635216
  },
  "GET - View Cart Page" : {
    "transaction" : "GET - View Cart Page",
    "sampleCount" : 50,
    "errorCount" : 0,
    "errorPct" : 0.0,
    "meanResTime" : 372.86,
    "medianResTime" : 388.0,
    "minResTime" : 261.0,
    "maxResTime" : 548.0,
    "pct1ResTime" : 443.5,
    "pct2ResTime" : 462.9,
    "pct3ResTime" : 548.0,
    "throughput" : 0.9646178184203419,
    "receivedKBytesPerSec" : 10.050827822954044,
    "sentKBytesPerSec" : 0.2194882340741598
  },
  "TX - Full Purchase Flow" : {
    "transaction" : "TX - Full Purchase Flow",
    "sampleCount" : 50,
    "errorCount" : 1,
    "errorPct" : 2.0,
    "meanResTime" : 3871.4399999999996,
    "medianResTime" : 3760.5,
    "minResTime" : 3539.0,
    "maxResTime" : 5142.0,
    "pct1ResTime" : 4361.4,
    "pct2ResTime" : 4503.65,
    "pct3ResTime" : 5142.0,
    "throughput" : 0.9415132000150642,
    "receivedKBytesPerSec" : 36.975834592607235,
    "sentKBytesPerSec" : 1.7064926750273037
  },
  "GET - Product Details Page" : {
    "transaction" : "GET - Product Details Page",
    "sampleCount" : 50,
    "errorCount" : 0,
    "errorPct" : 0.0,
    "meanResTime" : 520.12,
    "medianResTime" : 535.5,
    "minResTime" : 293.0,
    "maxResTime" : 733.0,
    "pct1ResTime" : 613.3,
    "pct2ResTime" : 659.0,
    "pct3ResTime" : 733.0,
    "throughput" : 0.9654559848616502,
    "receivedKBytesPerSec" : 18.073128614425844,
    "sentKBytesPerSec" : 0.22627874645194926
  },
  "POST - Checkout (Delete Cart)" : {
    "transaction" : "POST - Checkout (Delete Cart)",
    "sampleCount" : 50,
    "errorCount" : 0,
    "errorPct" : 0.0,
    "meanResTime" : 404.03999999999985,
    "medianResTime" : 399.0,
    "minResTime" : 374.0,
    "maxResTime" : 520.0,
    "pct1ResTime" : 424.6,
    "pct2ResTime" : 459.1999999999998,
    "pct3ResTime" : 520.0,
    "throughput" : 0.999980000399992,
    "receivedKBytesPerSec" : 0.20116785164296716,
    "sentKBytesPerSec" : 0.2714789454210916
  }
}