{
  "POST - Browse Category (Phones)" : {
    "transaction" : "POST - Browse Category (Phones)",
    "sampleCount" : 1000,
    "errorCount" : 50,
    "errorPct" : 5.0,
    "meanResTime" : 687.970000000001,
    "medianResTime" : 423.5,
    "minResTime" : 369.0,
    "maxResTime" : 3601.0,
    "pct1ResTime" : 1407.1,
    "pct2ResTime" : 1959.349999999999,
    "pct3ResTime" : 3044.8500000000013,
    "throughput" : 1.9109022707251684,
    "receivedKBytesPerSec" : 4.0125887255810575,
    "sentKBytesPerSec" : 0.4945206071700875
  },
  "GET - Home Page" : {
    "transaction" : "GET - Home Page",
    "sampleCount" : 1000,
    "errorCount" : 79,
    "errorPct" : 7.9,
    "meanResTime" : 893.5759999999998,
    "medianResTime" : 771.0,
    "minResTime" : 251.0,
    "maxResTime" : 7153.0,
    "pct1ResTime" : 1778.2999999999997,
    "pct2ResTime" : 2314.1499999999987,
    "pct3ResTime" : 3406.3200000000006,
    "throughput" : 1.9097126073497201,
    "receivedKBytesPerSec" : 13.661781870477562,
    "sentKBytesPerSec" : 0.43639917003890083
  },
  "Total" : {
    "transaction" : "Total",
    "sampleCount" : 7000,
    "errorCount" : 377,
    "errorPct" : 5.385714,
    "meanResTime" : 741.6621428571435,
    "medianResTime" : 454.5,
    "minResTime" : 251.0,
    "maxResTime" : 7153.0,
    "pct1ResTime" : 1544.9000000000005,
    "pct2ResTime" : 2050.95,
    "pct3ResTime" : 3053.9199999999983,
    "throughput" : 13.014272939050443,
    "receivedKBytesPerSec" : 73.46970669430961,
    "sentKBytesPerSec" : 3.3697671002898466
  },
  "POST - Add to Cart" : {
    "transaction" : "POST - Add to Cart",
    "sampleCount" : 1000,
    "errorCount" : 52,
    "errorPct" : 5.2,
    "meanResTime" : 670.3939999999991,
    "medianResTime" : 403.0,
    "minResTime" : 361.0,
    "maxResTime" : 3343.0,
    "pct1ResTime" : 1424.9,
    "pct2ResTime" : 2003.7499999999982,
    "pct3ResTime" : 2915.98,
    "throughput" : 1.9023486396304878,
    "receivedKBytesPerSec" : 0.4923255986215581,
    "sentKBytesPerSec" : 0.5721908017638576
  },
  "POST - User Login" : {
    "transaction" : "POST - User Login",
    "sampleCount" : 1000,
    "errorCount" : 113,
    "errorPct" : 11.3,
    "meanResTime" : 1019.9880000000011,
    "medianResTime" : 818.0,
    "minResTime" : 361.0,
    "maxResTime" : 4397.0,
    "pct1ResTime" : 2147.0999999999995,
    "pct2ResTime" : 2725.7,
    "pct3ResTime" : 3590.4000000000005,
    "throughput" : 1.9001580931533504,
    "receivedKBytesPerSec" : 0.46167532544957735,
    "sentKBytesPerSec" : 0.5529756950778304
  },
  "GET - View Cart Page" : {
    "transaction" : "GET - View Cart Page",
    "sampleCount" : 1000,
    "errorCount" : 8,
    "errorPct" : 0.8,
    "meanResTime" : 551.881,
    "medianResTime" : 404.5,
    "minResTime" : 253.0,
    "maxResTime" : 3096.0,
    "pct1ResTime" : 1155.8999999999996,
    "pct2ResTime" : 1472.8999999999999,
    "pct3ResTime" : 1965.6700000000003,
    "throughput" : 1.9018493583160265,
    "receivedKBytesPerSec" : 21.736225172545286,
    "sentKBytesPerSec" : 0.4327450200074553
  },
  "TX - Full Purchase Flow" : {
    "transaction" : "TX - Full Purchase Flow",
    "sampleCount" : 1000,
    "errorCount" : 256,
    "errorPct" : 25.6,
    "meanResTime" : 5191.635,
    "medianResTime" : 4644.5,
    "minResTime" : 2427.0,
    "maxResTime" : 15303.0,
    "pct1ResTime" : 8190.299999999999,
    "pct2ResTime" : 9662.549999999994,
    "pct3ResTime" : 12018.95,
    "throughput" : 1.9061706556464588,
    "receivedKBytesPerSec" : 75.32657394298072,
    "sentKBytesPerSec" : 3.4549343133592068
  },
  "GET - Product Details Page" : {
    "transaction" : "GET - Product Details Page",
    "sampleCount" : 1000,
    "errorCount" : 29,
    "errorPct" : 2.9,
    "meanResTime" : 688.468,
    "medianResTime" : 518.0,
    "minResTime" : 261.0,
    "maxResTime" : 3387.0,
    "pct1ResTime" : 1321.9,
    "pct2ResTime" : 1723.1499999999987,
    "pct3ResTime" : 2407.94,
    "throughput" : 1.9060798228108198,
    "receivedKBytesPerSec" : 34.55824723809034,
    "sentKBytesPerSec" : 0.44673745847128593
  },
  "POST - Checkout (Delete Cart)" : {
    "transaction" : "POST - Checkout (Delete Cart)",
    "sampleCount" : 1000,
    "errorCount" : 46,
    "errorPct" : 4.6,
    "meanResTime" : 679.357999999999,
    "medianResTime" : 408.5,
    "minResTime" : 363.0,
    "maxResTime" : 3451.0,
    "pct1ResTime" : 1428.6999999999998,
    "pct2ResTime" : 1918.85,
    "pct3ResTime" : 2869.9700000000003,
    "throughput" : 1.9030545929271072,
    "receivedKBytesPerSec" : 0.3848890745160056,
    "sentKBytesPerSec" : 0.5166495867516951
  }
}